,minimum,maximum
MAR30811,0.0,999.9999999999998
MAR30812,0.0,1000.0
MAR30813,0.0,0.0
MAR32604,0.0,500.0
MAR32605,0.0,1000.0
MAR32607,0.0,500.0
MAR32608,0.0,1000.0
MAR32609,0.0,1000.0
MAR32833,0.0,1000.0
MAR32834,0.0,0.0
MAR32835,0.0,1000.0
MAR32891,0.0,1000.0
MAR32892,0.0,0.0
MAR32897,0.0,1000.0
MAR32898,0.0,500.00000000000097
MAR32900,0.0,500.0
MAR32901,0.0,0.0
MAR32902,0.0,0.0
MAR32975,0.0,0.0
MAR33069,0.0,0.0
MAR33071,0.0,1000.0
MAR33072,0.0,1000.0
MAR33288,0.0,1000.0
MAR33290,0.0,0.0
MAR33291,0.0,1000.0
MAR33293,0.0,0.0
MAR33294,0.0,1000.0
MAR33296,0.0,500.0
MAR33338,0.0,500.000000000002
MAR33339,0.0,499.99999999999994
MAR33340,0.0,1000.0
MAR33341,0.0,0.0
MAR33342,0.0,1000.0
MAR33343,0.0,1000.0
MAR33354,0.0,0.0
MAR33355,0.0,14.192876565183461
MAR33356,0.0,14.192876565183491
MAR33357,0.0,0.0
MAR33375,0.0,0.0
MAR33376,0.0,1000.0
MAR33377,0.0,0.0
MAR33379,0.0,1000.0
MAR34565,0.0,1000.0
MAR34566,0.0,0.0
MAR34567,0.0,0.0
MAR34568,0.0,500.00000000000006
MAR34976,0.0,0.0
MAR34977,0.0,500.00000000000006
MAR34989,0.0,999.9999999999999
MAR35547,0.0,0.0
MAR35548,0.0,0.0
MAR35549,0.0,0.0
MAR35550,0.0,500.0
MAR35553,0.0,0.0
MAR35557,0.0,0.0
MAR35559,0.0,0.0
MAR35560,0.0,0.0
MAR35561,0.0,0.0
MAR35562,0.0,0.0
MAR35563,0.0,500.0
MAR35566,0.0,0.0
MAR35570,0.0,0.0
MAR35572,0.0,0.0
MAR35573,0.0,0.0
MAR35574,0.0,0.0
MAR35575,0.0,0.0
MAR35576,0.0,500.0
MAR35579,0.0,0.0
MAR35583,0.0,0.0
MAR35585,0.0,0.0
MAR35586,0.0,0.0
MAR35587,0.0,0.0
MAR35588,0.0,0.0
MAR35589,0.0,500.0
MAR35592,0.0,0.0
MAR35596,0.0,0.0
MAR35598,0.0,0.0
MAR35599,0.0,0.0
MAR35600,0.0,0.0
MAR35601,0.0,0.0
MAR35602,0.0,500.0
MAR35605,0.0,0.0
MAR35609,0.0,0.0
MAR35611,0.0,0.0
MAR35612,0.0,0.0
MAR35613,0.0,0.0
MAR35614,0.0,0.0
MAR35615,0.0,500.0
MAR35618,0.0,0.0
MAR35622,0.0,0.0
MAR35624,0.0,0.0
MAR35625,0.0,0.0
MAR35626,0.0,0.0
MAR35627,0.0,0.0
MAR35628,0.0,500.0
MAR35631,0.0,0.0
MAR35635,0.0,0.0
MAR35637,0.0,0.0
MAR35638,0.0,0.0
MAR35639,0.0,0.0
MAR35640,0.0,0.0
MAR35641,0.0,500.0
MAR35644,0.0,0.0
MAR35648,0.0,0.0
MAR35650,0.0,0.0
MAR35651,0.0,0.0
MAR35652,0.0,0.0
MAR35653,0.0,0.0
MAR35654,0.0,500.0
MAR35657,0.0,0.0
MAR35661,0.0,0.0
MAR35663,0.0,0.0
MAR35664,0.0,0.0
MAR35665,0.0,0.0
MAR35666,0.0,0.0
MAR35667,0.0,500.0
MAR35670,0.0,0.0
MAR35674,0.0,0.0
MAR35676,0.0,0.0
MAR35677,0.0,0.0
MAR35678,0.0,0.0
MAR35679,0.0,0.0
MAR35680,0.0,500.0
MAR35683,0.0,0.0
MAR35687,0.0,0.0
MAR35689,0.0,0.0
MAR35690,0.0,0.0
MAR35691,0.0,0.0
MAR35692,0.0,0.0
MAR35693,0.0,500.0
MAR35696,0.0,0.0
MAR35700,0.0,0.0
MAR35702,0.0,0.0
MAR35703,0.0,0.0
MAR35704,0.0,0.0
MAR35705,0.0,0.0
MAR35706,0.0,500.0
MAR35709,0.0,0.0
MAR35713,0.0,0.0
MAR35715,0.0,0.0
MAR35716,0.0,0.0
MAR35717,0.0,0.0
MAR35718,0.0,0.0
MAR35719,0.0,500.0
MAR35722,0.0,0.0
MAR35726,0.0,0.0
MAR35728,0.0,0.0
MAR35729,0.0,0.0
MAR35730,0.0,0.0
MAR35731,0.0,0.0
MAR35732,0.0,500.0
MAR35735,0.0,0.0
MAR35739,0.0,0.0
MAR35741,0.0,0.0
MAR35742,0.0,0.0
MAR35743,0.0,499.9999999999999
MAR35744,0.0,0.0
MAR35745,0.0,499.99999999999994
MAR35748,0.0,0.0
MAR35752,0.0,0.0
MAR35754,0.0,0.0
MAR35755,0.0,0.0
MAR35756,0.0,499.9999999999999
MAR35757,0.0,0.0
MAR35758,0.0,499.99999999999994
MAR35761,0.0,0.0
MAR35765,0.0,0.0
MAR35767,0.0,0.0
MAR35768,0.0,0.0
MAR35769,0.0,499.9999999999999
MAR35770,0.0,0.0
MAR35771,0.0,499.99999999999994
MAR35774,0.0,0.0
MAR35778,0.0,0.0
MAR35780,0.0,0.0
MAR35781,0.0,0.0
MAR35782,0.0,499.9999999999999
MAR35783,0.0,0.0
MAR35784,0.0,499.99999999999994
MAR35787,0.0,0.0
MAR35791,0.0,0.0
MAR35793,0.0,0.0
MAR35794,0.0,0.0
MAR35795,0.0,499.9999999999999
MAR35796,0.0,0.0
MAR35797,0.0,499.99999999999994
MAR35800,0.0,0.0
MAR35804,0.0,0.0
MAR35806,0.0,0.0
MAR35807,0.0,0.0
MAR35808,0.0,499.9999999999999
MAR35809,0.0,0.0
MAR35810,0.0,499.99999999999994
MAR35813,0.0,0.0
MAR35817,0.0,0.0
MAR35819,0.0,0.0
MAR35820,0.0,0.0
MAR35821,0.0,499.9999999999999
MAR35822,0.0,0.0
MAR35823,0.0,499.99999999999994
MAR35826,0.0,0.0
MAR35830,0.0,0.0
MAR35832,0.0,0.0
MAR35833,0.0,0.0
MAR35834,0.0,499.9999999999999
MAR35835,0.0,0.0
MAR35836,0.0,499.99999999999994
MAR35839,0.0,0.0
MAR35843,0.0,0.0
MAR35845,0.0,0.0
MAR35846,0.0,0.0
MAR35847,0.0,499.9999999999999
MAR35848,0.0,0.0
MAR35849,0.0,499.99999999999994
MAR35852,0.0,0.0
MAR35856,0.0,0.0
MAR35858,0.0,0.0
MAR35859,0.0,0.0
MAR35860,0.0,499.9999999999999
MAR35861,0.0,0.0
MAR35862,0.0,499.99999999999994
MAR35865,0.0,0.0
MAR35869,0.0,0.0
MAR35871,0.0,0.0
MAR35872,0.0,0.0
MAR35873,0.0,499.9999999999999
MAR35874,0.0,0.0
MAR35875,0.0,499.99999999999994
MAR35878,0.0,0.0
MAR35882,0.0,0.0
MAR35884,0.0,0.0
MAR35885,0.0,0.0
MAR35886,0.0,499.9999999999999
MAR35887,0.0,0.0
MAR35888,0.0,499.99999999999994
MAR35891,0.0,0.0
MAR35895,0.0,0.0
MAR35897,0.0,0.0
MAR35898,0.0,0.0
MAR35899,0.0,500.0
MAR35902,0.0,0.0
MAR35903,0.0,0.0
MAR35907,0.0,0.0
MAR35909,0.0,0.0
MAR35910,0.0,0.0
MAR35911,0.0,499.99999999999994
MAR35914,0.0,0.0
MAR35915,0.0,0.0
MAR35919,0.0,0.0
MAR35921,0.0,0.0
MAR35922,0.0,0.0
MAR35923,0.0,500.0
MAR35926,0.0,0.0
MAR35927,0.0,0.0
MAR35931,0.0,0.0
MAR35933,0.0,0.0
MAR36038,0.0,499.9999999999999
MAR36039,0.0,0.0
MAR36048,0.0,0.0
MAR36049,0.0,499.99999999999994
DM_Anchor_SDC1,0.0,0.6684491978609626
DM_Edited_Ectodomain_HS_on_SDC1,0.0,1.2649999999999997
DM_Truncated_Ectodomain_HS_on_SDC1,0.0,1.265
DM_Stub_SDC1,0.0,0.6684491978609625
DM_Shed_Ectodomain_HS_on_SDC1,0.0,0.6684491978609625
DM_Shed_HS_Fragment,0.0,12.649999999999995
DM_Anchor_SDC2,0.0,1.0000000000000002
DM_Edited_Ectodomain_HS_on_SDC2,0.0,1.2649999999999992
DM_Truncated_Ectodomain_HS_on_SDC2,0.0,1.265
DM_Stub_SDC2,0.0,1.0000000000000002
DM_Shed_Ectodomain_HS_on_SDC2,0.0,1.0
DM_Anchor_SDC4,0.0,0.9999999999999997
DM_Edited_Ectodomain_HS_on_SDC4,0.0,1.2649999999999995
DM_Truncated_Ectodomain_HS_on_SDC4,0.0,1.265
DM_Stub_SDC4,0.0,1.0000000000000007
DM_Shed_Ectodomain_HS_on_SDC4,0.0,1.0
DM_Stub_SDC1_A,0.0,0.6684491978609627
DM_Stub_SDC1_B,0.0,0.6684491978609624
DM_Stub_SDC1_E,0.0,0.6684491978609625
DM_Clearance_CS_A,0.0,15.117318435754184
DM_Clearance_CS_B,0.0,15.117318435754191
DM_Clearance_CS_E,0.0,8.021390374331553
DM_Anchor_GPC1,0.0,0.4488330341113106
DM_Truncated_Ectodomain_HS_on_GPC1,0.0,0.4488330341113106
DM_Shed_Ectodomain_HS_on_GPC1,0.0,0.4488330341113105
DM_Anchor_NG2,0.0,0.10771219302024994
DM_Stub_NG2_A,0.0,0.10771219302024987
DM_Stub_NG2_B,0.0,0.10771219302024988
DM_Stub_NG2_E,0.0,0.10771219302024991
DM_Clearance_CS_Fragment_A,0.0,15.117318435754191
DM_Clearance_CS_Fragment_B,0.0,15.117318435754191
DM_Clearance_CS_Fragment_E,0.0,8.021390374331553
DM_Anchor_Betaglycan,0.0,0.29481132075471694
DM_Edited_Ectodomain_HS_on_Betaglycan,0.0,0.29481132075471694
DM_Truncated_Ectodomain_HS_on_Betaglycan,0.0,0.29481132075471694
DM_Stub_Betaglycan,0.0,0.29481132075471694
DM_Shed_Ectodomain_HS_on_Betaglycan,0.0,0.29481132075471694
DM_Truncated_Perlecan,0.0,0.056960583276372746
DM_Truncated_Versican_A,0.0,0.07370283018867922
DM_Truncated_Versican_B,0.0,0.07370283018867922
DM_Truncated_Versican_E,0.0,0.07370283018867922
DM_Shed_CS_Fragment_A,0.0,15.117318435754179
DM_Shed_CS_Fragment_B,0.0,15.117318435754191
DM_Shed_CS_Fragment_E,0.0,8.021390374331553
DM_Truncated_Biglycan_A,0.0,0.681198910081743
DM_Truncated_Biglycan_B,0.0,0.6811989100817438
DM_Truncated_Decorin_A,0.0,0.6983240223463686
DM_Truncated_Decorin_B,0.0,0.6983240223463686
DM_Truncated_Lumican,0.0,0.741839762611276
DM_Shed_KS_Fragment,0.0,3.70919881305638
DM_Truncated_Fibromodulin,0.0,0.6666666666666667
DM_Truncated_Serglycin_A,0.0,1.0
DM_Truncated_Serglycin_B,0.0,1.0
DM_Truncated_Aggrecan_A,0.0,0.10356255178127584
DM_Truncated_Aggrecan_B,0.0,0.10356255178127584
DM_LMW_Hyaluronan_Fragment,0.0,25.0
DM_Actin_Complex,0.0,0.6341154090044396
DM_Tubulin,0.0,0.26737967914438504
DM_Vimentin_GlcNAc,0.0,0.537345513164965
DM_MyosinLC,0.0,1.0
